Email,FullName,JoinDate,Password,PhoneNumber ,AddressCity,AddressStreet,AddressApartmentNum,AddressPostalCode,NameOnCard,CreditCardNumber,ExpMonth,ExpYear,CVV,CardOwnerID
sapir@gmail.com,Sapir Shmuelevitz,2021-05-01,123456,524033969,Ra'anana,Hapalmachim,1,43404,Sapir Shmuelevitz,4580480000000000,1,2022,423,298050217
carmel@gmail.com,Carmel Ben Shoshan,2021-04-02,123456,524033978,Herzliya,Bar-Ilan,2,43404,Carmel Ben Shoshan,4580350000000000,2,2026,567,240737474
mirit@gmail.com,Mirit Zelichonok,2021-04-03,123456,524033111,Be'er Sheva,Ahuza,3,43404,Mirit Zelichonok,4580170000000000,3,2027,234,245666298
roei@gmail.com,Roei Bracha,2021-05-04,123456,524033222,Haifa,Hapalmachim,3,43404,Roei Bracha,4580020000000000,4,2027,234,311187915
omer@gmail.com,Omer Waizman,2021-03-05,123456,524033223,Ra'anana,Bar-Ilan,3,43404,Omer Waizman,4580540000000000,5,2026,423,329161961
jennifer@gmail.com,Jennifer Anniston,2021-12-06,123456,524033224,Haifa,Rambam,8,43404,Jennifer Anniston,4580640000000000,8,2022,575,238735358
mika@gmail.com,Mika Shmuelevitz,2021-11-07,123456,524033225,Be'er Sheva,Bar-Ilan,3,43404,Mika Shmuelevitz,4580070000000000,3,2022,423,265641995
inbar@gmail.com,Inbar Shmuelevitz,2021-09-08,123456,524033226,Herzliya,Ahuza,7,43404,Inbar Shmuelevitz,4580940000000000,5,2022,643,230747738
aviv@gmail.com,Aviv Shmuelevitz,2021-08-09,123456,524033227,Hod Hasharon,Hatamar,6,43404,Aviv Shmuelevitz,4580370000000000,8,2027,567,215181991
alexa@gmail.com,Alexa White,2021-06-10,123456,524033228,Haifa,Bar-Ilan,21,43404,Alexa White,4580920000000000,4,2027,711,202616975
ruby@gmail.com,Ruby Ben Shoshan,2021-10-11,123456,524033229,Hod Hasharon,Bar-Ilan,5,43404,Ruby Ben Shoshan,4580020000000000,6,2022,234,369246610
pula@gmail.com,Pula Ben Shushan,2021-07-12,123456,524033230,Ra'anana,Ahuza,54,43404,Pula Ben Shushan,4580550000000000,5,2027,457,286044238
noa@gmail.com,Noa Kirel,2021-01-13,123456,524033231,Hod Hasharon,Habrosh,3,43404,Noa Kirel,4580520000000000,5,2026,987,313189271
john@gmail.com,John Stamos,2021-02-14,123456,524033232,Hod Hasharon,Hatamar,3,43404,John Stamos,4580020000000000,12,2023,789,370081553
christian@gmail.com,Christian Bale,2021-03-15,123456,524033233,Ra'anana,Reuven Rubin,23,43404,Christian Bale,4580060000000000,5,2026,456,323973719
morgan@gmail.com,Morgan Freeman,2021-05-16,123456,524033234,Hod Hasharon,Rambam,3,43404,Morgan Freeman,4580800000000000,5,2022,123,280262138
denzel@gmail.com,Denzel Washington,2021-08-17,123456,524033235,Be'er Sheva,Jo Amar,46,43404,Denzel Washington,4580230000000000,11,2026,567,271997447
will@gmail.com,Will Smith,2021-12-18,123456,524033236,Ra'anana,Reuven Rubin,3,43404,Will Smith,4580530000000000,5,2026,890,283818753
brad@gmail.com,Brad Pitt,2021-02-19,123456,524033237,Be'er Sheva,Jo Amar,12,43404,Brad Pitt,4580790000000000,10,2022,876,265770612
